{
  "0": {
    "precision": 0.8034583291444657,
    "recall": 0.7992,
    "f1-score": 0.80132350729433,
    "support": 20000.0
  },
  "1": {
    "precision": 0.6386036960985626,
    "recall": 0.6531,
    "f1-score": 0.6457705047708509,
    "support": 20000.0
  },
  "2": {
    "precision": 0.8062283737024222,
    "recall": 0.7922,
    "f1-score": 0.7991526278624029,
    "support": 20000.0
  },
  "accuracy": 0.7481666666666666,
  "macro avg": {
    "precision": 0.7494301329818168,
    "recall": 0.7481666666666668,
    "f1-score": 0.7487488799758611,
    "support": 60000.0
  },
  "weighted avg": {
    "precision": 0.7494301329818168,
    "recall": 0.7481666666666666,
    "f1-score": 0.7487488799758611,
    "support": 60000.0
  }
}