{
  "0": {
    "precision": 0.8086277649884897,
    "recall": 0.8079,
    "f1-score": 0.8082637186734031,
    "support": 20000.0
  },
  "1": {
    "precision": 0.6456073487735757,
    "recall": 0.66065,
    "f1-score": 0.6530420600009885,
    "support": 20000.0
  },
  "2": {
    "precision": 0.8161313420621932,
    "recall": 0.79785,
    "f1-score": 0.8068871359223301,
    "support": 20000.0
  },
  "accuracy": 0.7554666666666666,
  "macro avg": {
    "precision": 0.7567888186080861,
    "recall": 0.7554666666666666,
    "f1-score": 0.7560643048655739,
    "support": 60000.0
  },
  "weighted avg": {
    "precision": 0.7567888186080861,
    "recall": 0.7554666666666666,
    "f1-score": 0.7560643048655739,
    "support": 60000.0
  }
}