{
  "0": {
    "precision": 0.7849203226441078,
    "recall": 0.79795,
    "f1-score": 0.7913815332738272,
    "support": 20000.0
  },
  "1": {
    "precision": 0.6037021455616323,
    "recall": 0.574,
    "f1-score": 0.5884765224523273,
    "support": 20000.0
  },
  "2": {
    "precision": 0.755713732326167,
    "recall": 0.78035,
    "f1-score": 0.7678343008954049,
    "support": 20000.0
  },
  "accuracy": 0.7174333333333334,
  "macro avg": {
    "precision": 0.7147787335106357,
    "recall": 0.7174333333333333,
    "f1-score": 0.7158974522071864,
    "support": 60000.0
  },
  "weighted avg": {
    "precision": 0.7147787335106356,
    "recall": 0.7174333333333334,
    "f1-score": 0.7158974522071865,
    "support": 60000.0
  }
}